[{"model": "contenttypes.contenttype", "pk": 1, "fields": {"app_label": "admin", "model": "logentry"}}, {"model": "contenttypes.contenttype", "pk": 2, "fields": {"app_label": "auth", "model": "permission"}}, {"model": "contenttypes.contenttype", "pk": 3, "fields": {"app_label": "auth", "model": "group"}}, {"model": "contenttypes.contenttype", "pk": 4, "fields": {"app_label": "auth", "model": "user"}}, {"model": "contenttypes.contenttype", "pk": 5, "fields": {"app_label": "contenttypes", "model": "contenttype"}}, {"model": "contenttypes.contenttype", "pk": 6, "fields": {"app_label": "sessions", "model": "session"}}, {"model": "contenttypes.contenttype", "pk": 7, "fields": {"app_label": "core", "model": "human"}}, {"model": "contenttypes.contenttype", "pk": 8, "fields": {"app_label": "core", "model": "talks"}}, {"model": "sessions.session", "pk": "1af2i5k7dqvr15z6jalsptsfbguyzjd5", "fields": {"session_data": "OTVlMDYwY2RkMDNlNTg0ZDZkM2FhNDA3NWU1YTI3MWQ0ZTdlMzZiOTp7Il9hdXRoX3VzZXJfaWQiOiIxIiwiX2F1dGhfdXNlcl9iYWNrZW5kIjoiZGphbmdvLmNvbnRyaWIuYXV0aC5iYWNrZW5kcy5Nb2RlbEJhY2tlbmQiLCJfYXV0aF91c2VyX2hhc2giOiI4YTUxNzEwZjQxOGRlMGZhNjhlN2MwNjlhY2M0NTdhZDdmMjc3ZmE0In0=", "expire_date": "2018-11-23T16:49:17.012Z"}}, {"model": "sessions.session", "pk": "1pa2q0ijlen6znhbalb86bvkfrd5nmzo", "fields": {"session_data": "OTVlMDYwY2RkMDNlNTg0ZDZkM2FhNDA3NWU1YTI3MWQ0ZTdlMzZiOTp7Il9hdXRoX3VzZXJfaWQiOiIxIiwiX2F1dGhfdXNlcl9iYWNrZW5kIjoiZGphbmdvLmNvbnRyaWIuYXV0aC5iYWNrZW5kcy5Nb2RlbEJhY2tlbmQiLCJfYXV0aF91c2VyX2hhc2giOiI4YTUxNzEwZjQxOGRlMGZhNjhlN2MwNjlhY2M0NTdhZDdmMjc3ZmE0In0=", "expire_date": "2019-01-04T22:30:04.637Z"}}, {"model": "sessions.session", "pk": "brs9yt9eegb2nq9c6ubpovymwu3sx7n3", "fields": {"session_data": "MDQ4Y2I1ODYxMTlhNTNhYWVlYmNiNjlkMGNlMTQwNDliMTU5NWQwNTp7Il9hdXRoX3VzZXJfaWQiOiIxIiwiX2F1dGhfdXNlcl9iYWNrZW5kIjoiZGphbmdvLmNvbnRyaWIuYXV0aC5iYWNrZW5kcy5Nb2RlbEJhY2tlbmQiLCJfYXV0aF91c2VyX2hhc2giOiIzZmFiNzEzNzBhN2U2YjVmOWJlZWY5MWE1YmVhZDYzMWM0YjA5M2NhIn0=", "expire_date": "2018-09-27T13:53:50.279Z"}}, {"model": "sessions.session", "pk": "d687hgkvp1l6a3u247lk27ryko54ru5h", "fields": {"session_data": "MDQ4Y2I1ODYxMTlhNTNhYWVlYmNiNjlkMGNlMTQwNDliMTU5NWQwNTp7Il9hdXRoX3VzZXJfaWQiOiIxIiwiX2F1dGhfdXNlcl9iYWNrZW5kIjoiZGphbmdvLmNvbnRyaWIuYXV0aC5iYWNrZW5kcy5Nb2RlbEJhY2tlbmQiLCJfYXV0aF91c2VyX2hhc2giOiIzZmFiNzEzNzBhN2U2YjVmOWJlZWY5MWE1YmVhZDYzMWM0YjA5M2NhIn0=", "expire_date": "2018-09-27T12:43:36.235Z"}}, {"model": "sessions.session", "pk": "eax4n2hm77ki43b3o8ua6txgwt38z5nh", "fields": {"session_data": "OTVlMDYwY2RkMDNlNTg0ZDZkM2FhNDA3NWU1YTI3MWQ0ZTdlMzZiOTp7Il9hdXRoX3VzZXJfaWQiOiIxIiwiX2F1dGhfdXNlcl9iYWNrZW5kIjoiZGphbmdvLmNvbnRyaWIuYXV0aC5iYWNrZW5kcy5Nb2RlbEJhY2tlbmQiLCJfYXV0aF91c2VyX2hhc2giOiI4YTUxNzEwZjQxOGRlMGZhNjhlN2MwNjlhY2M0NTdhZDdmMjc3ZmE0In0=", "expire_date": "2018-12-20T16:45:05.380Z"}}, {"model": "sessions.session", "pk": "he8znp1p2gebcjcdivb3va3eqeoa6i6s", "fields": {"session_data": "OTVlMDYwY2RkMDNlNTg0ZDZkM2FhNDA3NWU1YTI3MWQ0ZTdlMzZiOTp7Il9hdXRoX3VzZXJfaWQiOiIxIiwiX2F1dGhfdXNlcl9iYWNrZW5kIjoiZGphbmdvLmNvbnRyaWIuYXV0aC5iYWNrZW5kcy5Nb2RlbEJhY2tlbmQiLCJfYXV0aF91c2VyX2hhc2giOiI4YTUxNzEwZjQxOGRlMGZhNjhlN2MwNjlhY2M0NTdhZDdmMjc3ZmE0In0=", "expire_date": "2018-11-30T17:06:56.442Z"}}, {"model": "sessions.session", "pk": "j64q3fq2xdkzjt9v9y6ot48n9bdw0dn2", "fields": {"session_data": "MDQ4Y2I1ODYxMTlhNTNhYWVlYmNiNjlkMGNlMTQwNDliMTU5NWQwNTp7Il9hdXRoX3VzZXJfaWQiOiIxIiwiX2F1dGhfdXNlcl9iYWNrZW5kIjoiZGphbmdvLmNvbnRyaWIuYXV0aC5iYWNrZW5kcy5Nb2RlbEJhY2tlbmQiLCJfYXV0aF91c2VyX2hhc2giOiIzZmFiNzEzNzBhN2U2YjVmOWJlZWY5MWE1YmVhZDYzMWM0YjA5M2NhIn0=", "expire_date": "2019-01-10T03:18:47.358Z"}}, {"model": "sessions.session", "pk": "ktcdced4adl01auluhe4hrjbnyd7mu75", "fields": {"session_data": "OTVlMDYwY2RkMDNlNTg0ZDZkM2FhNDA3NWU1YTI3MWQ0ZTdlMzZiOTp7Il9hdXRoX3VzZXJfaWQiOiIxIiwiX2F1dGhfdXNlcl9iYWNrZW5kIjoiZGphbmdvLmNvbnRyaWIuYXV0aC5iYWNrZW5kcy5Nb2RlbEJhY2tlbmQiLCJfYXV0aF91c2VyX2hhc2giOiI4YTUxNzEwZjQxOGRlMGZhNjhlN2MwNjlhY2M0NTdhZDdmMjc3ZmE0In0=", "expire_date": "2018-09-28T02:16:58.376Z"}}, {"model": "sessions.session", "pk": "qfukikstwxas7lakx3m6z9ny77r9ad48", "fields": {"session_data": "OTVlMDYwY2RkMDNlNTg0ZDZkM2FhNDA3NWU1YTI3MWQ0ZTdlMzZiOTp7Il9hdXRoX3VzZXJfaWQiOiIxIiwiX2F1dGhfdXNlcl9iYWNrZW5kIjoiZGphbmdvLmNvbnRyaWIuYXV0aC5iYWNrZW5kcy5Nb2RlbEJhY2tlbmQiLCJfYXV0aF91c2VyX2hhc2giOiI4YTUxNzEwZjQxOGRlMGZhNjhlN2MwNjlhY2M0NTdhZDdmMjc3ZmE0In0=", "expire_date": "2018-12-14T01:28:17.808Z"}}, {"model": "sessions.session", "pk": "ugpgms3358inms46pg6zhhgp6l7j3rc3", "fields": {"session_data": "OTVlMDYwY2RkMDNlNTg0ZDZkM2FhNDA3NWU1YTI3MWQ0ZTdlMzZiOTp7Il9hdXRoX3VzZXJfaWQiOiIxIiwiX2F1dGhfdXNlcl9iYWNrZW5kIjoiZGphbmdvLmNvbnRyaWIuYXV0aC5iYWNrZW5kcy5Nb2RlbEJhY2tlbmQiLCJfYXV0aF91c2VyX2hhc2giOiI4YTUxNzEwZjQxOGRlMGZhNjhlN2MwNjlhY2M0NTdhZDdmMjc3ZmE0In0=", "expire_date": "2018-12-18T00:05:41.715Z"}}, {"model": "sessions.session", "pk": "w101lmsi0q9g9kgiaauyz100pqxc7lp4", "fields": {"session_data": "MDQ4Y2I1ODYxMTlhNTNhYWVlYmNiNjlkMGNlMTQwNDliMTU5NWQwNTp7Il9hdXRoX3VzZXJfaWQiOiIxIiwiX2F1dGhfdXNlcl9iYWNrZW5kIjoiZGphbmdvLmNvbnRyaWIuYXV0aC5iYWNrZW5kcy5Nb2RlbEJhY2tlbmQiLCJfYXV0aF91c2VyX2hhc2giOiIzZmFiNzEzNzBhN2U2YjVmOWJlZWY5MWE1YmVhZDYzMWM0YjA5M2NhIn0=", "expire_date": "2018-12-14T00:57:40.973Z"}}, {"model": "core.talks", "pk": 1, "fields": {"human": 7, "topic": "team_culture", "name": "Do you keep feeling the love?", "link": "https://docs.google.com/document/d/1ZzOItjdKJGGHaruV34VH19Mmhmu4umGOOGFh8icOMhE/edit", "cicle": 0, "date": "2018-09-13T12:56:21.921Z"}}, {"model": "core.talks", "pk": 2, "fields": {"human": 11, "topic": "product_management", "name": "Outcome vs Output: Achieving Powerful Results as a Digital Product Manager", "link": "https://docs.google.com/document/d/1u9pnJpeh1FIh1xMmd3wA0-wEJWGErZIcspZhBQXdSx0", "cicle": 0, "date": "2018-09-13T12:56:40.725Z"}}, {"model": "core.talks", "pk": 3, "fields": {"human": 11, "topic": "tech", "name": "The Blockchain", "link": "https://docs.google.com/presentation/d/1xWCLNPCokNiPYPS_67laAhpkhJKS7OF42y02rdUmGSw/edit?usp=sharing", "cicle": 0, "date": "2018-09-13T12:56:57.408Z"}}, {"model": "core.talks", "pk": 4, "fields": {"human": 11, "topic": "team_culture", "name": "Why Learn Something New Every Day?", "link": "https://docs.google.com/presentation/d/1SL7J-zyI123wWcF3Ga9PM0SUHBrMfjTwudabDmcp8Ws/edit?usp=sharing", "cicle": 1, "date": "2018-09-13T12:57:14.122Z"}}, {"model": "core.talks", "pk": 5, "fields": {"human": 5, "topic": "marketing", "name": "Personas & The Value Proposition", "link": "https://docs.google.com/presentation/d/13uCQoAt26zOQha1hUUoUzJiKWisPm9BX4sEhAJ6ZGY0/edit#slide=id.g40559785df_0_0", "cicle": 1, "date": "2018-09-13T12:57:28.725Z"}}, {"model": "core.talks", "pk": 6, "fields": {"human": 2, "topic": "product_management", "name": "Intro to Design Sprints", "link": "https://drive.google.com/open?id=1yE9FkfXXqz6DG7TY91t-9P99CWdvTzx7", "cicle": 0, "date": "2018-09-13T12:57:42.681Z"}}, {"model": "core.talks", "pk": 7, "fields": {"human": 4, "topic": "tech", "name": "Algolia Search for WordPress", "link": "https://drive.google.com/open?id=1EQGHEka_ccLuESHr-bhFkpi9K_MUdJUu", "cicle": 1, "date": "2018-09-13T12:57:58.034Z"}}, {"model": "core.talks", "pk": 8, "fields": {"human": 17, "topic": "tech", "name": "GAF about APIs", "link": "https://drive.google.com/file/d/1J7IZWr6tY7X0VpAp7B4-pvRU5HvMSIrd/view?usp=sharing", "cicle": 0, "date": "2018-09-13T12:58:16.560Z"}}, {"model": "core.talks", "pk": 9, "fields": {"human": 14, "topic": "tech", "name": "Local environment with Docker and DevilBox", "link": "https://docs.google.com/presentation/d/1LE7ZHxQDIIHYFgqSwOZxnijz63i3anvJVn9rMYX_j74/edit?usp=sharing", "cicle": 0, "date": "2018-09-13T12:58:36.451Z"}}, {"model": "core.talks", "pk": 10, "fields": {"human": 15, "topic": "tech", "name": "Tracking Website Events without Touching Code", "link": "https://drive.google.com/open?id=1Uwzj8Nb9-inAyhGjx9blBhsZyAdbgIMbLPvAX_wOVPY", "cicle": 1, "date": "2018-09-13T12:58:51.945Z"}}, {"model": "core.talks", "pk": 11, "fields": {"human": 1, "topic": "tech", "name": "The Newbie's Guide to Machine Learning", "link": "https://docs.google.com/presentation/d/1pXmjOAaeR4ZdWVuLYqSAhwJAeIYv2Chs_s4238tHlos/edit", "cicle": 0, "date": "2018-09-13T12:59:07.035Z"}}, {"model": "core.talks", "pk": 12, "fields": {"human": 1, "topic": "tech", "name": "What does the COO do in a Digital Agency?", "link": "https://docs.google.com/document/d/1vDrRgPZSyBl39wJQIr2_WCs5zaJ-5SdQreYhn9kNkuk/edit", "cicle": 0, "date": "2018-09-13T12:59:23.814Z"}}, {"model": "core.talks", "pk": 13, "fields": {"human": 16, "topic": "team_culture", "name": "Deep Work- The Right Mindset in a Distracted World", "link": "https://docs.google.com/document/d/1nPsxJzofRavfRUZBe0w310Ow1XNYeAUNlmhSyx-SOZ0/edit?usp=sharing", "cicle": 0, "date": "2018-09-13T12:59:39.862Z"}}, {"model": "core.talks", "pk": 14, "fields": {"human": 16, "topic": "tech", "name": "SOLID & Design patterns", "link": "https://slides.com/sneaker/deck-5-6-12#/", "cicle": 0, "date": "2018-09-13T12:59:53.815Z"}}, {"model": "core.talks", "pk": 15, "fields": {"human": 3, "topic": "design", "name": "A Second Look at Mobile-First Design", "link": "https://docs.google.com/document/d/1Toz_JeoTPZaTXxO4-Fgw4jEa6qe0uyVcWaO8IhJ-d2Q/edit?usp=sharing", "cicle": 0, "date": "2018-09-13T13:00:08.837Z"}}, {"model": "core.talks", "pk": 16, "fields": {"human": 8, "topic": "product_management", "name": "What is PM?", "link": "https://docs.google.com/document/d/1Toz_JeoTPZaTXxO4-Fgw4jEa6qe0uyVcWaO8IhJ-d2Q/edit?usp=sharing", "cicle": 1, "date": "2018-09-13T13:07:09.518Z"}}, {"model": "core.talks", "pk": 17, "fields": {"human": 1, "topic": "tech", "name": "CI vs CD vs CD", "link": "https://docs.google.com/presentation/d/182EoGtIpYGr9rGdz4cmTyp-gGUAXid1IlZ1EUQjUqHg/edit#slide=id.g3f33557137_0_30", "cicle": 1, "date": "2018-09-14T02:18:32.030Z"}}, {"model": "core.talks", "pk": 19, "fields": {"human": 17, "topic": "tech", "name": "Django", "link": "https://docs.google.com/presentation/d/1ic1Y3bGpCReKNoyrwHtufcapqJ2Jsq3PmM08eQ0jPEE/edit#slide=id.g41e246f0e0_0_72", "cicle": 1, "date": "2018-09-14T15:53:05.635Z"}}, {"model": "core.talks", "pk": 20, "fields": {"human": 3, "topic": "design", "name": "Cognitive Biases", "link": "https://docs.google.com/presentation/d/1VhXgK2HhO51O2n_gf4HDTS_rxqwozJW6NB2I7WUNdLw/edit?usp=sharing", "cicle": 1, "date": "2018-10-05T16:11:37.158Z"}}, {"model": "core.talks", "pk": 21, "fields": {"human": 16, "topic": "tech", "name": "Oscar Arzola", "link": "https://docs.google.com/presentation/u/1/d/1qNtjyZ8v28z3J0Er3wJQhw-vrbGpx9Q-fs2sW3NemPQ/edit#slide=id.g2439a220af_0_56", "cicle": 1, "date": "2018-11-02T17:23:07.345Z"}}, {"model": "core.talks", "pk": 22, "fields": {"human": 2, "topic": "product_management", "name": "Data Analysis with Eazy BI", "link": "https://docs.google.com/presentation/d/1313vpF28i1Y4P6XuOwQth03xIO2pDi-r-xMG4kMe-V8/edit?usp=sharing", "cicle": 1, "date": "2018-11-09T17:10:55.416Z"}}, {"model": "core.talks", "pk": 23, "fields": {"human": 7, "topic": "team_culture", "name": "Feedback Culture", "link": "https://docs.google.com/presentation/d/1i8KqXPymwEY64ZNNIT4f2P5figFiy00i3Gi51WEksnY/edit#slide=id.p", "cicle": 1, "date": "2018-11-23T15:40:05.891Z"}}, {"model": "core.talks", "pk": 25, "fields": {"human": 18, "topic": "tech", "name": "Functional and Visual Regression Testing", "link": "https://slides.com/bethshook/deck-3/", "cicle": 1, "date": "2018-11-30T17:03:21.836Z"}}, {"model": "core.talks", "pk": 26, "fields": {"human": 12, "topic": "tech", "name": "Why you need Terminus in your life!", "link": "https://docs.google.com/presentation/d/1JbmrI5F0byP1k76BOr9wwrFBEK3sUNPSNVsdZHHXOGo/edit?pli=1#slide=id.g35f391192_04", "cicle": 1, "date": "2018-12-07T17:26:44.263Z"}}, {"model": "core.talks", "pk": 27, "fields": {"human": 14, "topic": "tech", "name": "Flutter", "link": "https://docs.google.com/presentation/d/1ZkFv73wvpBq4vRfDWPDqMQZ28Zg2eaFlWPOJ0kYqMWY/edit?usp=sharing", "cicle": 1, "date": "2018-12-14T17:16:41.938Z"}}, {"model": "auth.permission", "pk": 1, "fields": {"name": "Can add log entry", "content_type": 1, "codename": "add_logentry"}}, {"model": "auth.permission", "pk": 2, "fields": {"name": "Can change log entry", "content_type": 1, "codename": "change_logentry"}}, {"model": "auth.permission", "pk": 3, "fields": {"name": "Can delete log entry", "content_type": 1, "codename": "delete_logentry"}}, {"model": "auth.permission", "pk": 4, "fields": {"name": "Can add permission", "content_type": 2, "codename": "add_permission"}}, {"model": "auth.permission", "pk": 5, "fields": {"name": "Can change permission", "content_type": 2, "codename": "change_permission"}}, {"model": "auth.permission", "pk": 6, "fields": {"name": "Can delete permission", "content_type": 2, "codename": "delete_permission"}}, {"model": "auth.permission", "pk": 7, "fields": {"name": "Can add group", "content_type": 3, "codename": "add_group"}}, {"model": "auth.permission", "pk": 8, "fields": {"name": "Can change group", "content_type": 3, "codename": "change_group"}}, {"model": "auth.permission", "pk": 9, "fields": {"name": "Can delete group", "content_type": 3, "codename": "delete_group"}}, {"model": "auth.permission", "pk": 10, "fields": {"name": "Can add user", "content_type": 4, "codename": "add_user"}}, {"model": "auth.permission", "pk": 11, "fields": {"name": "Can change user", "content_type": 4, "codename": "change_user"}}, {"model": "auth.permission", "pk": 12, "fields": {"name": "Can delete user", "content_type": 4, "codename": "delete_user"}}, {"model": "auth.permission", "pk": 13, "fields": {"name": "Can add content type", "content_type": 5, "codename": "add_contenttype"}}, {"model": "auth.permission", "pk": 14, "fields": {"name": "Can change content type", "content_type": 5, "codename": "change_contenttype"}}, {"model": "auth.permission", "pk": 15, "fields": {"name": "Can delete content type", "content_type": 5, "codename": "delete_contenttype"}}, {"model": "auth.permission", "pk": 16, "fields": {"name": "Can add session", "content_type": 6, "codename": "add_session"}}, {"model": "auth.permission", "pk": 17, "fields": {"name": "Can change session", "content_type": 6, "codename": "change_session"}}, {"model": "auth.permission", "pk": 18, "fields": {"name": "Can delete session", "content_type": 6, "codename": "delete_session"}}, {"model": "auth.permission", "pk": 19, "fields": {"name": "Can add Human", "content_type": 7, "codename": "add_human"}}, {"model": "auth.permission", "pk": 20, "fields": {"name": "Can change Human", "content_type": 7, "codename": "change_human"}}, {"model": "auth.permission", "pk": 21, "fields": {"name": "Can delete Human", "content_type": 7, "codename": "delete_human"}}, {"model": "auth.permission", "pk": 22, "fields": {"name": "Can add Talk", "content_type": 8, "codename": "add_talks"}}, {"model": "auth.permission", "pk": 23, "fields": {"name": "Can change Talk", "content_type": 8, "codename": "change_talks"}}, {"model": "auth.permission", "pk": 24, "fields": {"name": "Can delete Talk", "content_type": 8, "codename": "delete_talks"}}, {"model": "auth.user", "pk": 1, "fields": {"password": "pbkdf2_sha256$36000$lliTnG2AOT3e$48V9yJpMAKn/Pf3gcKHEL2Fb21OSioupMCS/v+DEbRw=", "last_login": "2018-12-27T03:18:47.348Z", "is_superuser": true, "username": "root", "first_name": "", "last_name": "", "email": "klira@wearenolte.com", "is_staff": true, "is_active": true, "date_joined": "2018-09-13T12:43:29.628Z", "groups": [], "user_permissions": []}}, {"model": "auth.user", "pk": 2, "fields": {"password": "pbkdf2_sha256$36000$vhWHPNZ9eZKo$C17KpJTin9KSJ6zrTvNnBoYkUUtmElhHN+/2FSF9ch8=", "last_login": null, "is_superuser": false, "username": "Assad", "first_name": "", "last_name": "", "email": "", "is_staff": false, "is_active": true, "date_joined": "2018-09-13T12:44:22.545Z", "groups": [], "user_permissions": []}}, {"model": "auth.user", "pk": 3, "fields": {"password": "pbkdf2_sha256$36000$e3p9TOK4vNcO$/4dPvM9pG+9x/BagOMgHY06Dpxvasi/uCAj20ZpYdHk=", "last_login": null, "is_superuser": false, "username": "Adam", "first_name": "", "last_name": "", "email": "", "is_staff": false, "is_active": true, "date_joined": "2018-09-13T12:44:28.853Z", "groups": [], "user_permissions": []}}, {"model": "auth.user", "pk": 4, "fields": {"password": "pbkdf2_sha256$36000$OYxHfEHKGHDo$rSexs1WAS30Xm0Uzoj6Ao16XBCKPweutUALi9W7UBHU=", "last_login": null, "is_superuser": false, "username": "Ben", "first_name": "", "last_name": "", "email": "", "is_staff": false, "is_active": true, "date_joined": "2018-09-13T12:44:43.725Z", "groups": [], "user_permissions": []}}, {"model": "auth.user", "pk": 5, "fields": {"password": "pbkdf2_sha256$36000$GIPyTMsYtSUB$05xhZ8If26Gu1DnvLkjVrT7eMdnoxjYMdzunoDI0PyQ=", "last_login": null, "is_superuser": false, "username": "Carlos", "first_name": "", "last_name": "", "email": "", "is_staff": false, "is_active": false, "date_joined": "2018-09-13T12:44:49Z", "groups": [], "user_permissions": []}}, {"model": "auth.user", "pk": 6, "fields": {"password": "pbkdf2_sha256$36000$oR8pkfukuj9i$fWDWxTkVlgVlH52hEThkRqrqXz/mbqCt9GUKDwMbPGY=", "last_login": null, "is_superuser": false, "username": "Danko", "first_name": "", "last_name": "", "email": "", "is_staff": false, "is_active": false, "date_joined": "2018-09-13T12:44:57Z", "groups": [], "user_permissions": []}}, {"model": "auth.user", "pk": 7, "fields": {"password": "pbkdf2_sha256$36000$OWnGOCeZ0425$hr62KQ4jqOM3MYR1optZ+sX2fRW32+vezWmcoHvxg1A=", "last_login": null, "is_superuser": false, "username": "Francisco", "first_name": "", "last_name": "", "email": "", "is_staff": false, "is_active": true, "date_joined": "2018-09-13T12:45:06.738Z", "groups": [], "user_permissions": []}}, {"model": "auth.user", "pk": 8, "fields": {"password": "pbkdf2_sha256$36000$tETOFbKGBuMz$LPj4mVh+SrBFDa6dgZNe8OaSZ+tA/qxIyNFxZsvcPvM=", "last_login": null, "is_superuser": false, "username": "Juan", "first_name": "", "last_name": "", "email": "", "is_staff": false, "is_active": true, "date_joined": "2018-09-13T12:45:12.053Z", "groups": [], "user_permissions": []}}, {"model": "auth.user", "pk": 9, "fields": {"password": "pbkdf2_sha256$36000$DEeTEpDGV86X$hvyYWns3vLkb7OaVb/d4FkjEXRTujuZsqNzNMjwIFNs=", "last_login": null, "is_superuser": false, "username": "Jeremy", "first_name": "", "last_name": "", "email": "", "is_staff": false, "is_active": true, "date_joined": "2018-09-13T12:45:17.470Z", "groups": [], "user_permissions": []}}, {"model": "auth.user", "pk": 10, "fields": {"password": "pbkdf2_sha256$36000$Lp53ULd3IuCG$1mRLWw9ZKA4YRmxNwzCR6Ly34G2AXk+cJPqZRE7HiIM=", "last_login": null, "is_superuser": false, "username": "Jeffrey", "first_name": "", "last_name": "", "email": "", "is_staff": false, "is_active": true, "date_joined": "2018-09-13T12:45:31.581Z", "groups": [], "user_permissions": []}}, {"model": "auth.user", "pk": 11, "fields": {"password": "pbkdf2_sha256$36000$TmBhWjAS1Yrb$l84WFgzy1Sn2C7Vbr5XaxKixUpIpmRGlkV3T8QoKBuE=", "last_login": null, "is_superuser": false, "username": "Jessica", "first_name": "", "last_name": "", "email": "", "is_staff": false, "is_active": true, "date_joined": "2018-09-13T12:45:37.158Z", "groups": [], "user_permissions": []}}, {"model": "auth.user", "pk": 12, "fields": {"password": "pbkdf2_sha256$36000$MN3DX5vEwXwS$XElpiJKD7Z34R44302Fjq4sANOIoyCi8+5J+p44uyuE=", "last_login": null, "is_superuser": false, "username": "Joshua", "first_name": "", "last_name": "", "email": "", "is_staff": false, "is_active": true, "date_joined": "2018-09-13T12:45:44.612Z", "groups": [], "user_permissions": []}}, {"model": "auth.user", "pk": 13, "fields": {"password": "pbkdf2_sha256$36000$q5EUxl0jC2is$cVAtHkJYquMHhmATbW8jkFLgQYieH/o2dASeEvBqCUQ=", "last_login": null, "is_superuser": false, "username": "German", "first_name": "", "last_name": "", "email": "", "is_staff": false, "is_active": true, "date_joined": "2018-09-13T12:45:49.917Z", "groups": [], "user_permissions": []}}, {"model": "auth.user", "pk": 14, "fields": {"password": "pbkdf2_sha256$36000$bs3BYwXm4r1Y$RDfErGodwGK5ugCyoxrXS9xTS8svV20GifAJM5dLOfQ=", "last_login": null, "is_superuser": false, "username": "Gaby", "first_name": "", "last_name": "", "email": "", "is_staff": false, "is_active": true, "date_joined": "2018-09-13T12:45:54.819Z", "groups": [], "user_permissions": []}}, {"model": "auth.user", "pk": 15, "fields": {"password": "pbkdf2_sha256$36000$elydRgWpLfkw$am2o/om03K2QDjcg/b8u5Jsi9dJLVeHeqLOYFPMKAJg=", "last_login": null, "is_superuser": false, "username": "Manuel", "first_name": "", "last_name": "", "email": "", "is_staff": false, "is_active": true, "date_joined": "2018-09-13T12:46:00.345Z", "groups": [], "user_permissions": []}}, {"model": "auth.user", "pk": 16, "fields": {"password": "pbkdf2_sha256$36000$LijeLhu8NTc1$ewrU70sF54hvxiccWziLdy19x0CHupXGzV/cIstJOeo=", "last_login": null, "is_superuser": false, "username": "Nelson", "first_name": "", "last_name": "", "email": "", "is_staff": false, "is_active": true, "date_joined": "2018-09-13T12:46:05.368Z", "groups": [], "user_permissions": []}}, {"model": "auth.user", "pk": 17, "fields": {"password": "pbkdf2_sha256$36000$TO5By3PtdgpT$WALvRcKkVksLEDH4luRP9jYSTKfgwzQ+DLxIQRRu1CE=", "last_login": null, "is_superuser": false, "username": "Oscar", "first_name": "", "last_name": "", "email": "", "is_staff": false, "is_active": true, "date_joined": "2018-09-13T12:46:10Z", "groups": [], "user_permissions": []}}, {"model": "auth.user", "pk": 18, "fields": {"password": "pbkdf2_sha256$36000$JPdJ8gQOQJ0X$b4kt2A+pPcuzFzAXgCXVAejelzOAg9Y1iL2jMp75BKc=", "last_login": null, "is_superuser": false, "username": "Dewayne", "first_name": "", "last_name": "", "email": "", "is_staff": false, "is_active": true, "date_joined": "2018-09-13T12:47:11.018Z", "groups": [], "user_permissions": []}}, {"model": "auth.user", "pk": 19, "fields": {"password": "pbkdf2_sha256$36000$E264acMqVRDD$89opR0zmvz+v835+x/SEBcumujz0UYEvm3dvNhLaP5Y=", "last_login": null, "is_superuser": false, "username": "Katia", "first_name": "", "last_name": "", "email": "", "is_staff": false, "is_active": true, "date_joined": "2018-09-13T12:50:43Z", "groups": [], "user_permissions": []}}, {"model": "auth.user", "pk": 20, "fields": {"password": "pbkdf2_sha256$36000$vkI3klLv39Gt$PLSys/0FnLKZB0eqszww5QzWN0SxXCTBPhlrjyuiI4Y=", "last_login": null, "is_superuser": false, "username": "Beth", "first_name": "Beth", "last_name": "", "email": "", "is_staff": false, "is_active": true, "date_joined": "2018-11-09T16:50:04Z", "groups": [], "user_permissions": []}}, {"model": "auth.user", "pk": 21, "fields": {"password": "pbkdf2_sha256$36000$2zYNmlqBjJVo$VgVIUhydnsEOCgGHAdIedRkvgpHjNx50fgNW870IPnI=", "last_login": null, "is_superuser": false, "username": "Daniel", "first_name": "Daniel", "last_name": "Urruela", "email": "", "is_staff": false, "is_active": true, "date_joined": "2018-11-16T17:07:55Z", "groups": [], "user_permissions": []}}, {"model": "auth.user", "pk": 22, "fields": {"password": "pbkdf2_sha256$36000$ZGLj2qtU73il$ziEUsaxCi7csjt2/LyZPB33TbYmVR5LlSTMjuaPXpFM=", "last_login": null, "is_superuser": false, "username": "Pablo", "first_name": "Pablo", "last_name": "Turati", "email": "", "is_staff": false, "is_active": true, "date_joined": "2018-11-27T16:11:11Z", "groups": [], "user_permissions": []}}, {"model": "auth.user", "pk": 23, "fields": {"password": "pbkdf2_sha256$36000$AmeqMlbH4m5K$KCsVCIxUe/7vS5id7WFpAvr6sJ5m8k2d6yg1fcXaoL0=", "last_login": null, "is_superuser": false, "username": "Dulce", "first_name": "", "last_name": "", "email": "", "is_staff": false, "is_active": true, "date_joined": "2018-12-07T17:34:09.590Z", "groups": [], "user_permissions": []}}, {"model": "auth.user", "pk": 24, "fields": {"password": "pbkdf2_sha256$36000$ZtEohkvUNTsI$O82X7mqeFtl/C4++P9ISqhhty241SaDlEB4akvW+hvI=", "last_login": null, "is_superuser": false, "username": "Ilham", "first_name": "", "last_name": "", "email": "", "is_staff": false, "is_active": true, "date_joined": "2018-12-07T17:34:22.730Z", "groups": [], "user_permissions": []}}, {"model": "core.human", "pk": 1, "fields": {"user": 3, "avatar": "", "lightning": false, "current": false, "is_active": true}}, {"model": "core.human", "pk": 2, "fields": {"user": 2, "avatar": "static/avatars/assad.gif", "lightning": false, "current": false, "is_active": true}}, {"model": "core.human", "pk": 3, "fields": {"user": 4, "avatar": "static/avatars/ben.png", "lightning": false, "current": false, "is_active": true}}, {"model": "core.human", "pk": 4, "fields": {"user": 5, "avatar": "", "lightning": false, "current": false, "is_active": false}}, {"model": "core.human", "pk": 5, "fields": {"user": 18, "avatar": "", "lightning": false, "current": false, "is_active": true}}, {"model": "core.human", "pk": 6, "fields": {"user": 7, "avatar": "", "lightning": true, "current": false, "is_active": true}}, {"model": "core.human", "pk": 7, "fields": {"user": 14, "avatar": "static/avatars/gaby.png", "lightning": false, "current": false, "is_active": true}}, {"model": "core.human", "pk": 8, "fields": {"user": 13, "avatar": "static/avatars/german.png", "lightning": false, "current": false, "is_active": true}}, {"model": "core.human", "pk": 9, "fields": {"user": 10, "avatar": "", "lightning": false, "current": false, "is_active": true}}, {"model": "core.human", "pk": 10, "fields": {"user": 9, "avatar": "", "lightning": true, "current": false, "is_active": true}}, {"model": "core.human", "pk": 11, "fields": {"user": 11, "avatar": "static/avatars/jessica.png", "lightning": false, "current": false, "is_active": true}}, {"model": "core.human", "pk": 12, "fields": {"user": 12, "avatar": "static/avatars/joshua.png", "lightning": false, "current": false, "is_active": true}}, {"model": "core.human", "pk": 13, "fields": {"user": 8, "avatar": "", "lightning": false, "current": false, "is_active": true}}, {"model": "core.human", "pk": 14, "fields": {"user": 15, "avatar": "", "lightning": false, "current": false, "is_active": true}}, {"model": "core.human", "pk": 15, "fields": {"user": 16, "avatar": "static/avatars/nelson.gif", "lightning": true, "current": false, "is_active": true}}, {"model": "core.human", "pk": 16, "fields": {"user": 17, "avatar": "static/avatars/oscar.png", "lightning": false, "current": false, "is_active": true}}, {"model": "core.human", "pk": 17, "fields": {"user": 19, "avatar": "static/avatars/katia.png", "lightning": false, "current": false, "is_active": true}}, {"model": "core.human", "pk": 18, "fields": {"user": 20, "avatar": "", "lightning": false, "current": false, "is_active": true}}, {"model": "core.human", "pk": 19, "fields": {"user": 21, "avatar": "", "lightning": true, "current": false, "is_active": true}}, {"model": "core.human", "pk": 20, "fields": {"user": 22, "avatar": "", "lightning": false, "current": true, "is_active": true}}, {"model": "core.human", "pk": 21, "fields": {"user": 23, "avatar": "", "lightning": true, "current": false, "is_active": true}}, {"model": "core.human", "pk": 22, "fields": {"user": 24, "avatar": "", "lightning": true, "current": false, "is_active": true}}, {"model": "admin.logentry", "pk": 1, "fields": {"action_time": "2018-09-14T02:18:32.032Z", "user": 1, "content_type": 8, "object_id": "17", "object_repr": "CI vs CD vs CD", "action_flag": 1, "change_message": "[{\"added\": {}}]"}}, {"model": "admin.logentry", "pk": 2, "fields": {"action_time": "2018-09-14T02:19:59.839Z", "user": 1, "content_type": 7, "object_id": "17", "object_repr": "Katia", "action_flag": 2, "change_message": "[{\"changed\": {\"fields\": [\"current\"]}}]"}}, {"model": "admin.logentry", "pk": 3, "fields": {"action_time": "2018-09-14T02:20:05.750Z", "user": 1, "content_type": 7, "object_id": "3", "object_repr": "Ben", "action_flag": 2, "change_message": "[{\"changed\": {\"fields\": [\"lightning\", \"current\"]}}]"}}, {"model": "admin.logentry", "pk": 4, "fields": {"action_time": "2018-09-14T02:20:11.553Z", "user": 1, "content_type": 8, "object_id": "18", "object_repr": "Django", "action_flag": 3, "change_message": ""}}, {"model": "admin.logentry", "pk": 5, "fields": {"action_time": "2018-11-09T16:49:40.562Z", "user": 1, "content_type": 7, "object_id": "4", "object_repr": "Carlos", "action_flag": 2, "change_message": "[{\"changed\": {\"fields\": [\"lightning\", \"is_active\"]}}]"}}, {"model": "admin.logentry", "pk": 6, "fields": {"action_time": "2018-11-09T16:50:05.180Z", "user": 1, "content_type": 4, "object_id": "20", "object_repr": "Beth", "action_flag": 1, "change_message": "[{\"added\": {}}]"}}, {"model": "admin.logentry", "pk": 7, "fields": {"action_time": "2018-11-09T16:50:17.668Z", "user": 1, "content_type": 4, "object_id": "20", "object_repr": "Beth", "action_flag": 2, "change_message": "[{\"changed\": {\"fields\": [\"first_name\"]}}]"}}, {"model": "admin.logentry", "pk": 8, "fields": {"action_time": "2018-11-09T16:50:25.141Z", "user": 1, "content_type": 7, "object_id": "18", "object_repr": "Beth", "action_flag": 1, "change_message": "[{\"added\": {}}]"}}, {"model": "admin.logentry", "pk": 9, "fields": {"action_time": "2018-11-09T16:51:12.332Z", "user": 1, "content_type": 7, "object_id": "9", "object_repr": "Jeffrey", "action_flag": 2, "change_message": "[{\"changed\": {\"fields\": [\"lightning\"]}}]"}}, {"model": "admin.logentry", "pk": 10, "fields": {"action_time": "2018-11-16T17:07:18.359Z", "user": 1, "content_type": 4, "object_id": "5", "object_repr": "Carlos", "action_flag": 2, "change_message": "[{\"changed\": {\"fields\": [\"is_active\"]}}]"}}, {"model": "admin.logentry", "pk": 11, "fields": {"action_time": "2018-11-16T17:07:55.048Z", "user": 1, "content_type": 4, "object_id": "21", "object_repr": "Daniel", "action_flag": 1, "change_message": "[{\"added\": {}}]"}}, {"model": "admin.logentry", "pk": 12, "fields": {"action_time": "2018-11-16T17:08:18.967Z", "user": 1, "content_type": 4, "object_id": "21", "object_repr": "Daniel", "action_flag": 2, "change_message": "[{\"changed\": {\"fields\": [\"first_name\", \"last_name\"]}}]"}}, {"model": "admin.logentry", "pk": 13, "fields": {"action_time": "2018-11-16T17:08:45.162Z", "user": 1, "content_type": 7, "object_id": "19", "object_repr": "Daniel", "action_flag": 1, "change_message": "[{\"added\": {}}]"}}, {"model": "admin.logentry", "pk": 14, "fields": {"action_time": "2018-11-27T16:11:11.904Z", "user": 1, "content_type": 4, "object_id": "22", "object_repr": "Pablo", "action_flag": 1, "change_message": "[{\"added\": {}}]"}}, {"model": "admin.logentry", "pk": 15, "fields": {"action_time": "2018-11-27T16:11:27.999Z", "user": 1, "content_type": 4, "object_id": "22", "object_repr": "Pablo", "action_flag": 2, "change_message": "[{\"changed\": {\"fields\": [\"first_name\", \"last_name\"]}}]"}}, {"model": "admin.logentry", "pk": 16, "fields": {"action_time": "2018-11-27T16:11:41.891Z", "user": 1, "content_type": 7, "object_id": "20", "object_repr": "Pablo", "action_flag": 1, "change_message": "[{\"added\": {}}]"}}, {"model": "admin.logentry", "pk": 17, "fields": {"action_time": "2018-11-30T01:28:31.317Z", "user": 1, "content_type": 8, "object_id": "24", "object_repr": "test", "action_flag": 3, "change_message": ""}}, {"model": "admin.logentry", "pk": 18, "fields": {"action_time": "2018-12-06T16:45:18.629Z", "user": 1, "content_type": 7, "object_id": "18", "object_repr": "Beth", "action_flag": 2, "change_message": "[{\"changed\": {\"fields\": [\"current\"]}}]"}}, {"model": "admin.logentry", "pk": 19, "fields": {"action_time": "2018-12-06T16:45:25.139Z", "user": 1, "content_type": 7, "object_id": "12", "object_repr": "Joshua", "action_flag": 2, "change_message": "[{\"changed\": {\"fields\": [\"lightning\", \"current\"]}}]"}}, {"model": "admin.logentry", "pk": 20, "fields": {"action_time": "2018-12-07T02:56:59.942Z", "user": 1, "content_type": 8, "object_id": "22", "object_repr": "Data Analysis with Eazy BI", "action_flag": 2, "change_message": "[{\"changed\": {\"fields\": [\"cicle\"]}}]"}}, {"model": "admin.logentry", "pk": 21, "fields": {"action_time": "2018-12-07T02:57:03.811Z", "user": 1, "content_type": 8, "object_id": "21", "object_repr": "Oscar Arzola", "action_flag": 2, "change_message": "[{\"changed\": {\"fields\": [\"cicle\"]}}]"}}, {"model": "admin.logentry", "pk": 22, "fields": {"action_time": "2018-12-07T02:57:06.985Z", "user": 1, "content_type": 8, "object_id": "20", "object_repr": "Cognitive Biases", "action_flag": 2, "change_message": "[{\"changed\": {\"fields\": [\"cicle\"]}}]"}}, {"model": "admin.logentry", "pk": 23, "fields": {"action_time": "2018-12-07T17:34:09.670Z", "user": 1, "content_type": 4, "object_id": "23", "object_repr": "Dulce", "action_flag": 1, "change_message": "[{\"added\": {}}]"}}, {"model": "admin.logentry", "pk": 24, "fields": {"action_time": "2018-12-07T17:34:13.561Z", "user": 1, "content_type": 7, "object_id": "21", "object_repr": "Dulce", "action_flag": 1, "change_message": "[{\"added\": {}}]"}}, {"model": "admin.logentry", "pk": 25, "fields": {"action_time": "2018-12-07T17:34:22.778Z", "user": 1, "content_type": 4, "object_id": "24", "object_repr": "Ilham", "action_flag": 1, "change_message": "[{\"added\": {}}]"}}, {"model": "admin.logentry", "pk": 26, "fields": {"action_time": "2018-12-07T17:34:24.712Z", "user": 1, "content_type": 7, "object_id": "22", "object_repr": "Ilham", "action_flag": 1, "change_message": "[{\"added\": {}}]"}}, {"model": "admin.logentry", "pk": 27, "fields": {"action_time": "2018-12-14T17:19:58.060Z", "user": 1, "content_type": 8, "object_id": "27", "object_repr": "Flutter", "action_flag": 2, "change_message": "[{\"changed\": {\"fields\": [\"topic\"]}}]"}}, {"model": "admin.logentry", "pk": 28, "fields": {"action_time": "2018-09-13T12:49:52.547Z", "user": 1, "content_type": 7, "object_id": "8", "object_repr": "German", "action_flag": 1, "change_message": "[{\"added\": {}}]"}}, {"model": "admin.logentry", "pk": 29, "fields": {"action_time": "2018-09-13T12:49:55.936Z", "user": 1, "content_type": 7, "object_id": "9", "object_repr": "Jeffrey", "action_flag": 1, "change_message": "[{\"added\": {}}]"}}, {"model": "admin.logentry", "pk": 30, "fields": {"action_time": "2018-09-13T12:49:59.861Z", "user": 1, "content_type": 7, "object_id": "10", "object_repr": "Jeremy", "action_flag": 1, "change_message": "[{\"added\": {}}]"}}, {"model": "admin.logentry", "pk": 31, "fields": {"action_time": "2018-09-13T12:50:03.652Z", "user": 1, "content_type": 7, "object_id": "11", "object_repr": "Jessica", "action_flag": 1, "change_message": "[{\"added\": {}}]"}}, {"model": "admin.logentry", "pk": 32, "fields": {"action_time": "2018-09-13T12:50:06.964Z", "user": 1, "content_type": 7, "object_id": "12", "object_repr": "Joshua", "action_flag": 1, "change_message": "[{\"added\": {}}]"}}, {"model": "admin.logentry", "pk": 33, "fields": {"action_time": "2018-09-13T12:50:11.543Z", "user": 1, "content_type": 7, "object_id": "13", "object_repr": "Juan", "action_flag": 1, "change_message": "[{\"added\": {}}]"}}, {"model": "admin.logentry", "pk": 34, "fields": {"action_time": "2018-09-13T12:50:15.877Z", "user": 1, "content_type": 7, "object_id": "14", "object_repr": "Manuel", "action_flag": 1, "change_message": "[{\"added\": {}}]"}}, {"model": "admin.logentry", "pk": 35, "fields": {"action_time": "2018-09-13T12:50:22.387Z", "user": 1, "content_type": 7, "object_id": "15", "object_repr": "Nelson", "action_flag": 1, "change_message": "[{\"added\": {}}]"}}, {"model": "admin.logentry", "pk": 36, "fields": {"action_time": "2018-09-13T12:50:25.046Z", "user": 1, "content_type": 7, "object_id": "16", "object_repr": "Oscar", "action_flag": 1, "change_message": "[{\"added\": {}}]"}}, {"model": "admin.logentry", "pk": 37, "fields": {"action_time": "2018-09-13T12:50:43.401Z", "user": 1, "content_type": 4, "object_id": "19", "object_repr": "Katia", "action_flag": 1, "change_message": "[{\"added\": {}}]"}}, {"model": "admin.logentry", "pk": 38, "fields": {"action_time": "2018-09-13T12:50:45.663Z", "user": 1, "content_type": 4, "object_id": "19", "object_repr": "Katia", "action_flag": 2, "change_message": "[]"}}, {"model": "admin.logentry", "pk": 39, "fields": {"action_time": "2018-09-13T12:50:57.231Z", "user": 1, "content_type": 7, "object_id": "17", "object_repr": "Katia", "action_flag": 1, "change_message": "[{\"added\": {}}]"}}, {"model": "admin.logentry", "pk": 40, "fields": {"action_time": "2018-09-13T12:56:21.943Z", "user": 1, "content_type": 8, "object_id": "1", "object_repr": "Do you keep feeling the love?", "action_flag": 1, "change_message": "[{\"added\": {}}]"}}, {"model": "admin.logentry", "pk": 41, "fields": {"action_time": "2018-09-13T12:56:40.731Z", "user": 1, "content_type": 8, "object_id": "2", "object_repr": "Outcome vs Output: Achieving Powerful Results as a Digital Product Manager", "action_flag": 1, "change_message": "[{\"added\": {}}]"}}, {"model": "admin.logentry", "pk": 42, "fields": {"action_time": "2018-09-13T12:56:57.413Z", "user": 1, "content_type": 8, "object_id": "3", "object_repr": "The Blockchain", "action_flag": 1, "change_message": "[{\"added\": {}}]"}}, {"model": "admin.logentry", "pk": 43, "fields": {"action_time": "2018-09-13T12:57:14.128Z", "user": 1, "content_type": 8, "object_id": "4", "object_repr": "Why Learn Something New Every Day?", "action_flag": 1, "change_message": "[{\"added\": {}}]"}}, {"model": "admin.logentry", "pk": 44, "fields": {"action_time": "2018-09-13T12:57:28.730Z", "user": 1, "content_type": 8, "object_id": "5", "object_repr": "Personas & The Value Proposition", "action_flag": 1, "change_message": "[{\"added\": {}}]"}}, {"model": "admin.logentry", "pk": 45, "fields": {"action_time": "2018-09-13T12:57:42.686Z", "user": 1, "content_type": 8, "object_id": "6", "object_repr": "Intro to Design Sprints", "action_flag": 1, "change_message": "[{\"added\": {}}]"}}, {"model": "admin.logentry", "pk": 46, "fields": {"action_time": "2018-09-13T12:57:58.040Z", "user": 1, "content_type": 8, "object_id": "7", "object_repr": "Algolia Search for WordPress", "action_flag": 1, "change_message": "[{\"added\": {}}]"}}, {"model": "admin.logentry", "pk": 47, "fields": {"action_time": "2018-09-13T12:58:16.566Z", "user": 1, "content_type": 8, "object_id": "8", "object_repr": "GAF about APIs", "action_flag": 1, "change_message": "[{\"added\": {}}]"}}, {"model": "admin.logentry", "pk": 48, "fields": {"action_time": "2018-09-13T12:58:36.457Z", "user": 1, "content_type": 8, "object_id": "9", "object_repr": "Local environment with Docker and DevilBox", "action_flag": 1, "change_message": "[{\"added\": {}}]"}}, {"model": "admin.logentry", "pk": 49, "fields": {"action_time": "2018-09-13T12:58:51.951Z", "user": 1, "content_type": 8, "object_id": "10", "object_repr": "Tracking Website Events without Touching Code", "action_flag": 1, "change_message": "[{\"added\": {}}]"}}, {"model": "admin.logentry", "pk": 50, "fields": {"action_time": "2018-09-13T12:59:07.041Z", "user": 1, "content_type": 8, "object_id": "11", "object_repr": "The Newbie's Guide to Machine Learning", "action_flag": 1, "change_message": "[{\"added\": {}}]"}}, {"model": "admin.logentry", "pk": 51, "fields": {"action_time": "2018-09-13T12:59:23.820Z", "user": 1, "content_type": 8, "object_id": "12", "object_repr": "What does the COO do in a Digital Agency?", "action_flag": 1, "change_message": "[{\"added\": {}}]"}}, {"model": "admin.logentry", "pk": 52, "fields": {"action_time": "2018-09-13T12:59:39.867Z", "user": 1, "content_type": 8, "object_id": "13", "object_repr": "Deep Work- The Right Mindset in a Distracted World", "action_flag": 1, "change_message": "[{\"added\": {}}]"}}, {"model": "admin.logentry", "pk": 53, "fields": {"action_time": "2018-09-13T12:59:53.824Z", "user": 1, "content_type": 8, "object_id": "14", "object_repr": "SOLID & Design patterns", "action_flag": 1, "change_message": "[{\"added\": {}}]"}}, {"model": "admin.logentry", "pk": 54, "fields": {"action_time": "2018-09-13T13:00:08.842Z", "user": 1, "content_type": 8, "object_id": "15", "object_repr": "A Second Look at Mobile-First Design", "action_flag": 1, "change_message": "[{\"added\": {}}]"}}, {"model": "admin.logentry", "pk": 55, "fields": {"action_time": "2018-09-13T21:05:48.497Z", "user": 1, "content_type": 7, "object_id": "17", "object_repr": "Katia", "action_flag": 2, "change_message": "[{\"changed\": {\"fields\": [\"current\"]}}]"}}, {"model": "admin.logentry", "pk": 56, "fields": {"action_time": "2018-09-13T21:09:01.600Z", "user": 1, "content_type": 7, "object_id": "17", "object_repr": "Katia", "action_flag": 2, "change_message": "[{\"changed\": {\"fields\": [\"current\"]}}]"}}, {"model": "admin.logentry", "pk": 57, "fields": {"action_time": "2018-09-13T21:09:25.881Z", "user": 1, "content_type": 7, "object_id": "17", "object_repr": "Katia", "action_flag": 2, "change_message": "[{\"changed\": {\"fields\": [\"current\"]}}]"}}, {"model": "admin.logentry", "pk": 58, "fields": {"action_time": "2018-09-13T21:09:30.746Z", "user": 1, "content_type": 7, "object_id": "15", "object_repr": "Nelson", "action_flag": 2, "change_message": "[{\"changed\": {\"fields\": [\"lightning\", \"current\"]}}]"}}, {"model": "admin.logentry", "pk": 59, "fields": {"action_time": "2018-09-14T00:41:17.509Z", "user": 1, "content_type": 7, "object_id": "12", "object_repr": "Joshua", "action_flag": 2, "change_message": "[{\"changed\": {\"fields\": [\"lightning\", \"current\"]}}]"}}, {"model": "admin.logentry", "pk": 60, "fields": {"action_time": "2018-09-14T00:41:21.471Z", "user": 1, "content_type": 7, "object_id": "17", "object_repr": "Katia", "action_flag": 2, "change_message": "[{\"changed\": {\"fields\": [\"current\"]}}]"}}, {"model": "admin.logentry", "pk": 61, "fields": {"action_time": "2018-09-14T03:11:20.151Z", "user": 1, "content_type": 8, "object_id": "17", "object_repr": "Django", "action_flag": 3, "change_message": ""}}, {"model": "admin.logentry", "pk": 62, "fields": {"action_time": "2018-09-14T03:49:39.806Z", "user": 1, "content_type": 7, "object_id": "17", "object_repr": "Katia", "action_flag": 2, "change_message": "[{\"changed\": {\"fields\": [\"current\"]}}]"}}, {"model": "admin.logentry", "pk": 63, "fields": {"action_time": "2018-09-14T03:49:49.998Z", "user": 1, "content_type": 7, "object_id": "16", "object_repr": "Oscar", "action_flag": 2, "change_message": "[]"}}, {"model": "admin.logentry", "pk": 64, "fields": {"action_time": "2018-09-14T03:49:59.219Z", "user": 1, "content_type": 7, "object_id": "9", "object_repr": "Jeffrey", "action_flag": 2, "change_message": "[{\"changed\": {\"fields\": [\"lightning\", \"current\"]}}]"}}, {"model": "admin.logentry", "pk": 65, "fields": {"action_time": "2018-09-14T03:50:11.404Z", "user": 1, "content_type": 7, "object_id": "13", "object_repr": "Juan", "action_flag": 2, "change_message": "[{\"changed\": {\"fields\": [\"lightning\"]}}]"}}, {"model": "admin.logentry", "pk": 66, "fields": {"action_time": "2018-09-14T03:50:15.446Z", "user": 1, "content_type": 7, "object_id": "12", "object_repr": "Joshua", "action_flag": 2, "change_message": "[{\"changed\": {\"fields\": [\"lightning\"]}}]"}}, {"model": "admin.logentry", "pk": 67, "fields": {"action_time": "2018-09-14T03:50:18.453Z", "user": 1, "content_type": 7, "object_id": "10", "object_repr": "Jeremy", "action_flag": 2, "change_message": "[{\"changed\": {\"fields\": [\"lightning\"]}}]"}}, {"model": "admin.logentry", "pk": 68, "fields": {"action_time": "2018-09-14T03:50:30.301Z", "user": 1, "content_type": 7, "object_id": "7", "object_repr": "Gaby", "action_flag": 2, "change_message": "[{\"changed\": {\"fields\": [\"lightning\"]}}]"}}, {"model": "admin.logentry", "pk": 69, "fields": {"action_time": "2018-09-14T03:50:33.393Z", "user": 1, "content_type": 7, "object_id": "6", "object_repr": "Francisco", "action_flag": 2, "change_message": "[{\"changed\": {\"fields\": [\"lightning\"]}}]"}}, {"model": "admin.logentry", "pk": 70, "fields": {"action_time": "2018-11-30T00:57:51.038Z", "user": 1, "content_type": 7, "object_id": "17", "object_repr": "Katia", "action_flag": 2, "change_message": "[{\"changed\": {\"fields\": [\"current\"]}}]"}}, {"model": "admin.logentry", "pk": 71, "fields": {"action_time": "2018-11-30T00:57:57.086Z", "user": 1, "content_type": 7, "object_id": "16", "object_repr": "Oscar", "action_flag": 2, "change_message": "[{\"changed\": {\"fields\": [\"lightning\", \"current\"]}}]"}}, {"model": "admin.logentry", "pk": 72, "fields": {"action_time": "2018-12-07T02:57:58.378Z", "user": 1, "content_type": 8, "object_id": "15", "object_repr": "A Second Look at Mobile-First Design", "action_flag": 2, "change_message": "[{\"changed\": {\"fields\": [\"cicle\"]}}]"}}, {"model": "admin.logentry", "pk": 73, "fields": {"action_time": "2018-12-07T02:58:00.333Z", "user": 1, "content_type": 8, "object_id": "14", "object_repr": "SOLID & Design patterns", "action_flag": 2, "change_message": "[{\"changed\": {\"fields\": [\"cicle\"]}}]"}}, {"model": "admin.logentry", "pk": 74, "fields": {"action_time": "2018-12-07T02:58:02.127Z", "user": 1, "content_type": 8, "object_id": "13", "object_repr": "Deep Work- The Right Mindset in a Distracted World", "action_flag": 2, "change_message": "[{\"changed\": {\"fields\": [\"cicle\"]}}]"}}, {"model": "admin.logentry", "pk": 75, "fields": {"action_time": "2018-12-07T02:58:03.794Z", "user": 1, "content_type": 8, "object_id": "12", "object_repr": "What does the COO do in a Digital Agency?", "action_flag": 2, "change_message": "[{\"changed\": {\"fields\": [\"cicle\"]}}]"}}, {"model": "admin.logentry", "pk": 76, "fields": {"action_time": "2018-12-07T02:58:05.475Z", "user": 1, "content_type": 8, "object_id": "11", "object_repr": "The Newbie's Guide to Machine Learning", "action_flag": 2, "change_message": "[{\"changed\": {\"fields\": [\"cicle\"]}}]"}}, {"model": "admin.logentry", "pk": 77, "fields": {"action_time": "2018-12-07T02:58:08.182Z", "user": 1, "content_type": 8, "object_id": "10", "object_repr": "Tracking Website Events without Touching Code", "action_flag": 2, "change_message": "[{\"changed\": {\"fields\": [\"cicle\"]}}]"}}, {"model": "admin.logentry", "pk": 78, "fields": {"action_time": "2018-12-27T03:19:10.755Z", "user": 1, "content_type": 8, "object_id": "18", "object_repr": "testetete", "action_flag": 3, "change_message": ""}}, {"model": "admin.logentry", "pk": 79, "fields": {"action_time": "2018-12-27T03:20:48.945Z", "user": 1, "content_type": 8, "object_id": "10", "object_repr": "Tracking Website Events without Touching Code", "action_flag": 2, "change_message": "[{\"changed\": {\"fields\": [\"cicle\"]}}]"}}, {"model": "admin.logentry", "pk": 80, "fields": {"action_time": "2018-12-27T03:20:52.140Z", "user": 1, "content_type": 8, "object_id": "7", "object_repr": "Algolia Search for WordPress", "action_flag": 2, "change_message": "[{\"changed\": {\"fields\": [\"cicle\"]}}]"}}, {"model": "admin.logentry", "pk": 81, "fields": {"action_time": "2018-12-27T03:44:52.039Z", "user": 1, "content_type": 8, "object_id": "22", "object_repr": "Data Analysis with Eazy BI", "action_flag": 2, "change_message": "[{\"changed\": {\"fields\": [\"topic\"]}}]"}}, {"model": "admin.logentry", "pk": 82, "fields": {"action_time": "2018-12-27T03:44:56.412Z", "user": 1, "content_type": 8, "object_id": "16", "object_repr": "What is PM?", "action_flag": 2, "change_message": "[{\"changed\": {\"fields\": [\"topic\"]}}]"}}, {"model": "admin.logentry", "pk": 83, "fields": {"action_time": "2018-12-27T03:45:00.586Z", "user": 1, "content_type": 8, "object_id": "6", "object_repr": "Intro to Design Sprints", "action_flag": 2, "change_message": "[{\"changed\": {\"fields\": [\"topic\"]}}]"}}, {"model": "admin.logentry", "pk": 84, "fields": {"action_time": "2018-12-27T04:23:53.960Z", "user": 1, "content_type": 7, "object_id": "3", "object_repr": "Ben", "action_flag": 2, "change_message": "[{\"changed\": {\"fields\": [\"avatar\"]}}]"}}, {"model": "admin.logentry", "pk": 85, "fields": {"action_time": "2018-12-27T04:24:01.005Z", "user": 1, "content_type": 7, "object_id": "11", "object_repr": "Jessica", "action_flag": 2, "change_message": "[{\"changed\": {\"fields\": [\"avatar\"]}}]"}}, {"model": "admin.logentry", "pk": 86, "fields": {"action_time": "2018-12-27T04:24:08.989Z", "user": 1, "content_type": 7, "object_id": "12", "object_repr": "Joshua", "action_flag": 2, "change_message": "[{\"changed\": {\"fields\": [\"avatar\"]}}]"}}, {"model": "admin.logentry", "pk": 87, "fields": {"action_time": "2018-12-27T04:24:16.643Z", "user": 1, "content_type": 7, "object_id": "8", "object_repr": "German", "action_flag": 2, "change_message": "[{\"changed\": {\"fields\": [\"avatar\"]}}]"}}, {"model": "admin.logentry", "pk": 88, "fields": {"action_time": "2018-12-27T04:24:22.731Z", "user": 1, "content_type": 7, "object_id": "7", "object_repr": "Gaby", "action_flag": 2, "change_message": "[{\"changed\": {\"fields\": [\"avatar\"]}}]"}}, {"model": "admin.logentry", "pk": 89, "fields": {"action_time": "2018-12-27T04:24:29.347Z", "user": 1, "content_type": 7, "object_id": "16", "object_repr": "Oscar", "action_flag": 2, "change_message": "[{\"changed\": {\"fields\": [\"avatar\"]}}]"}}, {"model": "admin.logentry", "pk": 90, "fields": {"action_time": "2018-12-27T04:24:36.970Z", "user": 1, "content_type": 7, "object_id": "17", "object_repr": "Katia", "action_flag": 2, "change_message": "[{\"changed\": {\"fields\": [\"avatar\"]}}]"}}, {"model": "admin.logentry", "pk": 91, "fields": {"action_time": "2018-12-27T04:24:44.160Z", "user": 1, "content_type": 7, "object_id": "2", "object_repr": "Assad", "action_flag": 2, "change_message": "[{\"changed\": {\"fields\": [\"avatar\"]}}]"}}, {"model": "admin.logentry", "pk": 92, "fields": {"action_time": "2018-12-27T04:28:34.578Z", "user": 1, "content_type": 7, "object_id": "12", "object_repr": "Joshua", "action_flag": 2, "change_message": "[{\"changed\": {\"fields\": [\"avatar\"]}}]"}}, {"model": "admin.logentry", "pk": 93, "fields": {"action_time": "2018-12-27T04:28:40.816Z", "user": 1, "content_type": 7, "object_id": "12", "object_repr": "Joshua", "action_flag": 2, "change_message": "[{\"changed\": {\"fields\": [\"avatar\"]}}]"}}, {"model": "admin.logentry", "pk": 94, "fields": {"action_time": "2018-12-27T04:29:02.141Z", "user": 1, "content_type": 7, "object_id": "12", "object_repr": "Joshua", "action_flag": 2, "change_message": "[{\"changed\": {\"fields\": [\"avatar\"]}}]"}}, {"model": "admin.logentry", "pk": 95, "fields": {"action_time": "2018-12-27T04:29:11.621Z", "user": 1, "content_type": 7, "object_id": "12", "object_repr": "Joshua", "action_flag": 2, "change_message": "[{\"changed\": {\"fields\": [\"avatar\"]}}]"}}, {"model": "admin.logentry", "pk": 96, "fields": {"action_time": "2018-12-27T04:29:39.947Z", "user": 1, "content_type": 7, "object_id": "2", "object_repr": "Assad", "action_flag": 2, "change_message": "[{\"changed\": {\"fields\": [\"avatar\"]}}]"}}, {"model": "admin.logentry", "pk": 97, "fields": {"action_time": "2018-12-27T04:29:44.569Z", "user": 1, "content_type": 7, "object_id": "2", "object_repr": "Assad", "action_flag": 2, "change_message": "[{\"changed\": {\"fields\": [\"avatar\"]}}]"}}, {"model": "admin.logentry", "pk": 98, "fields": {"action_time": "2018-12-27T04:29:48.384Z", "user": 1, "content_type": 7, "object_id": "3", "object_repr": "Ben", "action_flag": 2, "change_message": "[{\"changed\": {\"fields\": [\"avatar\"]}}]"}}, {"model": "admin.logentry", "pk": 99, "fields": {"action_time": "2018-12-27T04:29:53.454Z", "user": 1, "content_type": 7, "object_id": "3", "object_repr": "Ben", "action_flag": 2, "change_message": "[{\"changed\": {\"fields\": [\"avatar\"]}}]"}}, {"model": "admin.logentry", "pk": 100, "fields": {"action_time": "2018-12-27T04:29:56.673Z", "user": 1, "content_type": 7, "object_id": "11", "object_repr": "Jessica", "action_flag": 2, "change_message": "[{\"changed\": {\"fields\": [\"avatar\"]}}]"}}, {"model": "admin.logentry", "pk": 101, "fields": {"action_time": "2018-12-27T04:30:02.831Z", "user": 1, "content_type": 7, "object_id": "11", "object_repr": "Jessica", "action_flag": 2, "change_message": "[{\"changed\": {\"fields\": [\"avatar\"]}}]"}}, {"model": "admin.logentry", "pk": 102, "fields": {"action_time": "2018-12-27T04:30:07.056Z", "user": 1, "content_type": 7, "object_id": "12", "object_repr": "Joshua", "action_flag": 2, "change_message": "[{\"changed\": {\"fields\": [\"avatar\"]}}]"}}, {"model": "admin.logentry", "pk": 103, "fields": {"action_time": "2018-12-27T04:30:13.299Z", "user": 1, "content_type": 7, "object_id": "12", "object_repr": "Joshua", "action_flag": 2, "change_message": "[{\"changed\": {\"fields\": [\"avatar\"]}}]"}}, {"model": "admin.logentry", "pk": 104, "fields": {"action_time": "2018-12-27T04:30:16.344Z", "user": 1, "content_type": 7, "object_id": "8", "object_repr": "German", "action_flag": 2, "change_message": "[{\"changed\": {\"fields\": [\"avatar\"]}}]"}}, {"model": "admin.logentry", "pk": 105, "fields": {"action_time": "2018-12-27T04:30:20.500Z", "user": 1, "content_type": 7, "object_id": "8", "object_repr": "German", "action_flag": 2, "change_message": "[{\"changed\": {\"fields\": [\"avatar\"]}}]"}}, {"model": "admin.logentry", "pk": 106, "fields": {"action_time": "2018-12-27T04:30:23.776Z", "user": 1, "content_type": 7, "object_id": "7", "object_repr": "Gaby", "action_flag": 2, "change_message": "[{\"changed\": {\"fields\": [\"avatar\"]}}]"}}, {"model": "admin.logentry", "pk": 107, "fields": {"action_time": "2018-12-27T04:30:28.264Z", "user": 1, "content_type": 7, "object_id": "7", "object_repr": "Gaby", "action_flag": 2, "change_message": "[{\"changed\": {\"fields\": [\"avatar\"]}}]"}}, {"model": "admin.logentry", "pk": 108, "fields": {"action_time": "2018-12-27T04:30:35.846Z", "user": 1, "content_type": 7, "object_id": "15", "object_repr": "Nelson", "action_flag": 2, "change_message": "[{\"changed\": {\"fields\": [\"avatar\"]}}]"}}, {"model": "admin.logentry", "pk": 109, "fields": {"action_time": "2018-12-27T04:30:39.377Z", "user": 1, "content_type": 7, "object_id": "16", "object_repr": "Oscar", "action_flag": 2, "change_message": "[{\"changed\": {\"fields\": [\"avatar\"]}}]"}}, {"model": "admin.logentry", "pk": 110, "fields": {"action_time": "2018-12-27T04:30:43.588Z", "user": 1, "content_type": 7, "object_id": "16", "object_repr": "Oscar", "action_flag": 2, "change_message": "[{\"changed\": {\"fields\": [\"avatar\"]}}]"}}, {"model": "admin.logentry", "pk": 111, "fields": {"action_time": "2018-12-27T04:30:46.834Z", "user": 1, "content_type": 7, "object_id": "17", "object_repr": "Katia", "action_flag": 2, "change_message": "[{\"changed\": {\"fields\": [\"avatar\"]}}]"}}, {"model": "admin.logentry", "pk": 112, "fields": {"action_time": "2018-12-27T04:30:52.333Z", "user": 1, "content_type": 7, "object_id": "17", "object_repr": "Katia", "action_flag": 2, "change_message": "[{\"changed\": {\"fields\": [\"avatar\"]}}]"}}, {"model": "admin.logentry", "pk": 113, "fields": {"action_time": "2018-12-28T00:30:05.318Z", "user": 1, "content_type": 8, "object_id": "2", "object_repr": "Outcome vs Output: Achieving Powerful Results as a Digital Product Manager", "action_flag": 2, "change_message": "[{\"changed\": {\"fields\": [\"topic\"]}}]"}}, {"model": "admin.logentry", "pk": 114, "fields": {"action_time": "2018-12-28T03:44:01.323Z", "user": 1, "content_type": 8, "object_id": "28", "object_repr": "test1", "action_flag": 3, "change_message": ""}}, {"model": "admin.logentry", "pk": 115, "fields": {"action_time": "2018-12-28T04:04:39.594Z", "user": 1, "content_type": 8, "object_id": "29", "object_repr": "Test12345678", "action_flag": 3, "change_message": ""}}]